filename,class,description,price,path
,,,,
RedApple_1.jpg,RedApple,"Delicious Red Apple for sale. It is available in a variety of sizes, and the prices are fairly competitive.  Ribbon Bamboo, The Good: It's a very good bamboo product, but there are some issues with it. One thing is most people don't notice is that the bamboo is very hot. It seems to be a bit flaky and brittle. It also has a tendency to break on contact. It's usually not a good option for use in a garden or for other uses.  Chili Pepper, The Good: This is one of those things. It's a little bit tough, but it's an excellent choice for use in summer and winter. The downside is that it's a little stiff, so it's not great for everyday use. Most people don't like it.  Lemon Juice, The Good: This is one of the best juice available on the market. It is very good, but it's not a very good alternative for use in a garden.  Green Tea, The Good: It's a good juice, but it's not as good as green tea. It's not very good for use in a garden.  Kale Juice, The Good: Kale is a good juice, but it's not very good for use",8.39,../data\images\RedApple_1.jpg
RedApple_2.jpg,RedApple,"Delicious Red Apple for sale. It is in the price range of this product and is an excellent option for those looking for a smooth, creamy, and creamy red apple for their daily breakfast or lunch.  A red apple with rich red fruit  Red apple is a refreshing and refreshing fruit that is usually eaten with lots of red fruit. It is a sweet apple and can be eaten with a combination of vegetables and a lot of red fruit.  The Red Apple in a bowl  This is a classic red apple. You can use it as a lunch or as a snack. It is also a great way to use up the red apple after eating a lot of red fruit.  The Red Apple in a bowl with lettuce  This is a common red apple for salads and as a side dish. It can also be eaten as a salad with a spoonful.  Red apple in a bowl with carrots  Red apple will be eaten in the traditional red apple style, but it is also a good option when you are trying to make a red apple salad. It is not nearly as creamy as you might think, but it is close. You can use it as a salad for a side dish or in a salad with a spoonful.  Red apple in a bowl with j",10.84,../data\images\RedApple_2.jpg
YellowBanana_0.jpg,YellowBanana,"Delicious Yellow Banana for sale. It is a sweet, sweet banana that is a healthy alternative to the banana paste. It's super popular for its smooth texture and flavor.   Product Features:  - Smooth mouthfeel  - Great texture and flavor  - Great price  - Excellent flavor profile   This banana is a super healthy alternative to the banana paste when combined with some kind of sweetener, like honey or honey-flavored cream.   Ingredients:  - 2-3 cups  - 2 tablespoons  - 2 teaspoons  - 1/4 teaspoon  - 1/4 teaspoon  - 1 teaspoon  - 1/4 teaspoon  - 1/4 teaspoon  - 1 tablespoon  - 1/4 teaspoon  - 1/4 teaspoon  - 1 cup  - 2 tablespoons  - 1 cup  - 5 tablespoons  - 1 teaspoon  - 1 teaspoon  - 1/4 teaspoon  - 1/4 teaspoon  - 1 cup  - 2 tablespoons  - 1 cup  - 1 cup  - 1 cup  - 1 cup  - 1 cup  - 1 cup   The best part? It's a super healthy alternative to",11.39,../data\images\YellowBanana_0.jpg
YellowBanana_1.jpg,YellowBanana,"Delicious Yellow Banana for sale. It is a perfect combination of cinnamon, nutmeg, and cloves.  ""Chocolate-y"" and ""mixed"" with coconut sugar.  ""Pecan-y"" and ""chic"" with vanilla bean powder.  ""Sugar-y"" and ""smoky"" with cocoa powder.  ""Lemon-y"" and ""sweet"" with lemon zest.  ""Chocolate-y"" and ""mixed"" with coconut sugar.  ""Smoky-y"" and ""soft"" with peach zest.  ""Light-y"" and ""dark"" with vanilla bean powder.  ""Cinnamon-y"" and ""mixed"" with ginger.  ""Lemon-y"" and ""smoky"" with vanilla bean powder.  ""Light"" and ""dark"" with vanilla bean powder.  ""Orange-y"" and ""light"" with orange zest.  ""Chocolate-y"" and ""light"" with vanilla bean powder.  ""Ginger-y"" and ""light"" with orange zest.  ""Dark"" and ""light"" with orange zest.  ""Orange"" and ""dark"" with orange z",9.03,../data\images\YellowBanana_1.jpg
YellowBanana_2.jpg,YellowBanana,Delicious Yellow Banana for sale. It is a very tasty snack and one of my favorite.  This is one of those items that I have been craving for for years. I have been having a hard time finding a good place to eat it so I decided to make a small batch of this and try again. This is one of those items that I have been craving for for years. I have been having a hard time finding a good place to eat it so I decided to make a small batch of this and try again. This is one of those items that I have been craving for for years. I have been having a hard time finding a good place to eat it so I decided to make a small batch of this and try again.  This is one of those items that I have been craving for for years. I have been having a hard time finding a good place to eat it so I decided to make a small batch of this and try again. This is one of those items that I have been craving for for years. I have been having a hard time finding a good place to eat it so I decided to make a small batch of this and try again. This is one of those items that I have been craving for for years. I have been having a hard time finding a good place to,4.2,../data\images\YellowBanana_2.jpg
GreenAvocado_0.jpg,GreenAvocado,"Delicious Green Avocado for sale. It is so healthy and delicious!  4.3 from 11 votes Print Avocado Bowl Prep Time 15 mins Cook Time 30 mins Total Time 45 mins Author: Laura Ingredients 1 cup grated avocado, thawed  1 1/2 tbsp. olive oil  1/4 tsp. ground cinnamon  1/2 tsp. ground cloves  1/4 cup red bell pepper flakes (red bell pepper flakes are the most common spice)  1/2 cup white wine vinegar  1/2 cup green wine vinegar  1/4 cup fresh lemon juice  1/2 cup fresh cilantro  1/4 cup chopped fresh cilantro  1 cup sliced fresh cilantro  1/2 cup chopped fresh cilantro leaves Instructions In a medium bowl, combine the olive oil, flour, cinnamon, cloves, red bell pepper flakes, wine vinegar, green wine vinegar, and lemon juice and mix well. Slowly combine the remaining ingredients. Cover the bowl with a paper towel and let stand for 5 minutes. Add the avocado, bell pepper flakes, red bell pepper flakes, and cilantro. Stir well. Cover and let stand for 30 minutes. Add the tomatoes and add the red bell pepper flakes and mix well. Cover and let",5.46,../data\images\GreenAvocado_0.jpg
GreenAvocado_1.jpg,GreenAvocado,"Delicious Green Avocado for sale. It is the perfect accompaniment to any meal with a good dose of avocado. This Avocado Smoothie is a great way to get your avocado smoothie to perfect. Prep Time 15 minutes Cook Time 15 minutes Total Time 20 minutes Servings 8 people Calories 180 kcal Ingredients 1 cup of whole wheat flour  2 tablespoons olive oil  2 teaspoons baking soda  1 tablespoon baking powder  1 teaspoon kosher salt  1 tablespoon baking powder of your choice  2 tablespoons freshly squeezed lemon juice  1 teaspoon garlic powder  2 teaspoons onion powder  1 teaspoon rosemary  2 teaspoons parsley  1 teaspoon fresh thyme Instructions Combine flour, oil, baking soda, baking powder, salt, and pepper in a small bowl. Add the olive oil, lemon juice, garlic powder, onion powder, rosemary, cloves, and thyme. Spread the batter evenly over the dry ingredients and bake for 10 to 12 minutes, or until the tops are golden brown and the center is completely browned. Sprinkle with olive oil and bake for another 10 to 12 minutes. Remove from oven and let cool completely. To finish serving, sprinkle with lemon and parsley.  The Avocado Smoothie Recipe is now available on our website. You can also",1.73,../data\images\GreenAvocado_1.jpg
GreenAvocado_2.jpg,GreenAvocado,"Delicious Green Avocado for sale. It is also one of my favorite things to make, and it's one of my favorite things to make when I can make it right away. I really love it. It is a nice milder version of the green avocado. I would recommend this to anyone who likes to make avocados with lots of flavor.  This is a great recipe, and I've used it for many things and I've also been using it as a vegan option. I highly recommend it on my Thanksgiving Day and Christmas dinner plans. It's perfect in the freezer for the day. I'm really happy with this recipe. I'm also happy to have this as a regular part of my recipe list.  This recipe is a good way to start a vegan holiday. It's one of those recipes that has been in my recipe list for a while and I've been using it a lot. It has a bit more flavor than I would make if I just started using it as a regular part of the recipe list.  I think this is a great way to start a vegan holiday. It tastes really good and I think it's nice to make with fresh avocado. It's not too sticky or thick but it's not too sticky either, it's just smooth enough and doesn't have",10.89,../data\images\GreenAvocado_2.jpg
OrangeCitrus_0.jpg,OrangeCitrus,"Delicious Orange Citrus for sale. It is easy to make and tastes great.  Ingredients:  1/2 cup (20-24 oz) unsweetened almond milk  1/2 cup (20-24 oz) unsweetened coconut milk  1/2 cup (20-24 oz) unsweetened cornstarch  Directions:  Preheat oven to 400 degrees.  Fill two baking sheets with boiling water.  In a large bowl, combine almond milk, coconut milk, cornstarch, and vanilla. Stir in all the ingredients.  In a separate bowl, add water.  Mix well.  In a separate bowl, add almond milk. Stir in all the ingredients.  In a separate bowl, add water. Add cornstarch. Stir in all the ingredients.  In a separate bowl, add coconut milk. Stir in all the ingredients.  In a separate bowl, add coconut milk. Stir in all the ingredients.  In a separate bowl, add coconut milk. Stir in all the ingredients.  In a separate bowl, add coconut milk. Stir in all the ingredients.  In a separate bowl, add coconut milk. Stir in all the ingredients.  In a",10.38,../data\images\OrangeCitrus_0.jpg
OrangeCitrus_1.jpg,OrangeCitrus,"Delicious Orange Citrus for sale. It is also a sweet, juicy, citrusy blend.  I only purchased this from the store in a few days, but when you buy it at the grocery store - you will get a huge package. At least 2 in total, so I would recommend buying it every time you find it!  I have tried many different flavors of Citrus, but this one is my favorite.  Citrus is light flavor, and has an almost nutty taste (I also like the tangy citrus flavor of the nutty citrus and the citrusy tang of the white pepper). It is a wonderful addition to any salad. I prefer the white pepper or black pepper, which are always great.  Citrus is a very versatile flavor and also a great base for any salad. It's also a great base for any salad dressings.  I really enjoy this blend, and I love the flavor of Citrus.  I love the combination of citrusy and nutty.  The leaves are a little bit more picky on the citrus and spicy notes, but it's a great base to start with.  My 3 year old loves this blend. It is a great base for many salad dressing recipes.  This is a",11.81,../data\images\OrangeCitrus_1.jpg
OrangeCitrus_2.jpg,OrangeCitrus,"Delicious Orange Citrus for sale. It is so much more healthy to use than the other products. I'm also a fan of the Orange Citrus. You can buy it online now for $14.99. It is called ""Red."" But it is also not as good as the other products I have in the store. I like the fact that it is just as sweet as the other products. When you go for a fresh lime in a salad dressing, you really want to get a good salt in there. It is a very good addition to your salad. A good addition to a salad dressing. I think it is not bad, but it is not as good as the other products.  Rated 2 out of 5 by Anonymous from I bought it because it was a little bland but after I tried it it tasted very good. I have enjoyed it since it came out. I used it on my salad dressing for a bit and it is good. But it is not as good as the other products. I will probably go back for more.  Rated 5 out of 5 by Anonymous from great for salads I bought this because it was a little bland but after I tried it it tasted very good. I have enjoyed it since it came out. I used it on my salad dressing for a bit and it",8.7,../data\images\OrangeCitrus_2.jpg
FreshStrawberry_0.jpg,FreshStrawberry,"Delicious Fresh Strawberry for sale. It is one of my favorite desserts and I'm so happy I purchased it.  I like to buy fresh fruit for my kids. I've been wanting to try a variety of fruit for a while now and I've been waiting for that perfect fruit to come out. This is a great fresh fruit for my kids. They love it.  The only problem is that I need to buy a brand new one from my local grocery store. When I went to get it, they were pretty upset with it and told me it was too expensive and they would not ship it. However, after they sent me the box it was shipped. Thank you from the bottom of my heart.  Thank you from the bottom of my heart.  I am a huge fan of fresh fruits, and this one was my favorite. Not only did the fruit taste great, but it was also super fresh and fresh and delicious. I am especially happy for this dessert because it is so good. It is so rich and moist, and I love that it is so fresh and fresh and delicious. The consistency is a little wet, but I really like it.  I don't know if it's the best but it's the best. I like the texture of the fruit, and",6.11,../data\images\FreshStrawberry_0.jpg
FreshStrawberry_1.jpg,FreshStrawberry,"Delicious Fresh Strawberry for sale. It is made from a unique blend of the best ingredients of strawberry, banana, and pecans.  ""This flavor is so unique and so fresh that we knew it was going to happen. It is a natural and refreshing strawberry. We thought it was awesome. We think it will be on the shelves for years to come.""  Selling this strawberry flavor is a perfect gift for anyone. It is so popular with children and adults who want to enjoy strawberry goodness, but don't know how to enjoy the flavors of strawberry.  ""We are very happy with our decision. It is such a gift for us. We are so happy that our family would love it. We are so happy for our friends that have been here for many years. We have friends who are very happy with the strawberry flavor as well. We think it is so fun to be able to enjoy this flavor. We will not be disappointed!""  Selling this strawberry flavor is a gift for anyone. It is so popular with children and adults who want to enjoy strawberry goodness, but don't know how to enjoy the flavors of strawberry.  ""This strawberry flavor is so delicious and we thought it was the perfect gift. We are very happy with our decision. It is such a",8.11,../data\images\FreshStrawberry_1.jpg
FreshStrawberry_2.jpg,FreshStrawberry,"Delicious Fresh Strawberry for sale. It is a strawberry flavored strawberry, which is a strawberry flavored strawberry. It has a light citrus flavor. It is not too sweet or bitter tasting.  This is the first one to be available in the country. I want to see if it will make it to the range.  I had a chance to try it last night and it was quite tasty. I am sure you will enjoy it in your cup of tea.  I did enjoy it but it has a much sweeter taste. I am not sure if it will appeal to you.  I have heard it is made up of a lot of dark fruit.  This is my first taste of a strawberry flavor.  The scent is very similar to the strawberry flavored strawberry.  I will try it with a cup of tea.  I will get the strawberry flavor.  I think I will like it more.  I don't have any issues with the taste at all.  I am a big fan of the strawberry flavor.  It is a pleasant strawberry, but not too sweet. It is not too bitter tasting.  It has a similar flavor to the strawberry flavored strawberry.  But it is not too bitter tasting.  And the",8.32,../data\images\FreshStrawberry_2.jpg
GreenGrapes_0.jpg,GreenGrapes,"Delicious Green Grapes for sale. It is the latest from the ""Green Grapes"" line of gourmet green salad greens. The green grapes, a blend of natural citrus fruits and a green, earthy finish, are savory, flavorful and easy to make.   Ingredients:  2 cups water  1 cup chopped fresh lemon juice  1/2 cup chopped fresh lemon juice  1/2 cup chopped chopped fresh jalapeno  1/2 cup chopped fresh lime juice  1/2 cup chopped fresh lime juice  1/2 cup chopped fresh lime juice  Kosher salt and freshly ground black pepper to taste  Directions:  Preheat your oven to 400 degrees Fahrenheit.  Cut the grapefruit, jalapeno, orange juice and lime juice into 4 equal parts and add them to a large bowl.  In a separate bowl, combine the water and lemon juice.  Add the chopped fresh lemon juice and mix well.  Add the chopped fresh lime juice and mix well.  Add the chopped fresh lime juice and mix well.  Add the chopped fresh lime juice and mix well.  Add the chopped fresh lime juice and mix well.  Add the chopped fresh lime juice and",12.15,../data\images\GreenGrapes_0.jpg
GreenGrapes_1.jpg,GreenGrapes,"Delicious Green Grapes for sale. It is available in many sizes.   This box is made of sturdy, durable plastic, which is perfect for storing your favorite snack in. It is made of soft, non-stick plastic, which is ideal for storing in the refrigerator or freezer. This box is also perfect for storing food in the freezer. It is also a great way to store any items you may need for the day.   If you have any questions about this product, please contact us.  Click here for more information about this product and other products that are not listed.",10.3,../data\images\GreenGrapes_1.jpg
GreenGrapes_2.jpg,GreenGrapes,"Delicious Green Grapes for sale. It is a must buy.  The first of many ""happiness"" products available.  I can't tell you how many times I have been asked to give away a few of these fabulous green grapes.  I love them. And they are great.  I have to admit, these are not my type.  I am one of those people who has to choose between three things.  One, I love to eat healthy. And two, I love to make good food.  For the love of all that is good, I can't do either.  These Grapes are the perfect way to go about it.  I have had many requests from my readers for reviews, and I have found the perfect one for my current order.  What is a great Green Grapes?  A great green grapes is a perfect gift for your family.  It has so many things in common:  An apple,  a cherry,  a sweet cherry,  a sweet apple,  a sweet cherry,  and a sweet cherry,  but one can only choose one.  My favorite is the green apple.  It is the",2.11,../data\images\GreenGrapes_2.jpg
RedTomato_0.jpg,RedTomato,Delicious Red Tomato for sale. It is a light yellow tomato with a bright orange base. It comes in two forms: one is a tomato (or small red tomato) and the other is a tomato (or green tomato). The tomatoes are usually made from a single tomato.  Crisp red Tomato for sale. It is a light yellow tomato with a bright orange base. It comes in two forms: one is a tomato (or small red tomato) and the other is a tomato (or green tomato). The tomatoes are usually made from a single tomato. Fresh Tomato for sale. It is a light yellow tomato with a bright orange base. It comes in two forms: one is a tomato (or small red tomato) and the other is a tomato (or green tomato). The tomatoes are usually made from a single tomato.  Fresh Tomato for sale. It is a light yellow tomato with a bright orange base. It comes in two forms: one is a tomato (or small red tomato) and the other is a tomato (or green tomato). The tomatoes are usually made from a single tomato.  Crisp red Tomato for sale. It is a light yellow tomato with a bright orange base. It comes in two forms: one is a tomato (or small red tomato) and the,4.34,../data\images\RedTomato_0.jpg
RedTomato_1.jpg,RedTomato,Delicious Red Tomato for sale. It is the one-of-a-kind treat on the menu.  The Best Red Tomato on the Hunt  1. White Fritters  2. Peppers and Tomato  3. Green Tomato  4. Spinach and Oranges  5. Spinach  6. Feta  7. Garlic  8. Green Spinach  9. Carrots  10. Spinach  11. Potato  12. Pepper  13. Tomato  14. Spinach  15. Sausage  16. Garlic  17. Pepper  18. Garlic  19. Onion  20. Cheddar Cheese  21. Tomato  22. Tomato  23. Tomato  24. Garlic  25. Grilled Cheese  26. Cheddar Cheese  27. Tomato  28. Tomato  29. Garlic  30. Spinach  31. Tomato  32. Tomato  33. Garlic  34. Spinach  35. Grilled Cheese  36. Cheddar Cheese  37. Tomato  38. Tomato  39. Garlic,8.64,../data\images\RedTomato_1.jpg
RedTomato_2.jpg,RedTomato,"Delicious Red Tomato for sale. It is the true recipe for a fabulous salad and it's also a great way to use up some of the leftover tomatoes for a full meal. The salad is very dense and comes in a great variety of flavors.  The salad is also great for making your own vegan pasta. It has a nice thick filling that makes it easy to add to your daily diet. I found it to be very rich and flavorful. I always add my pasta to salads when they are ready. It comes in a variety of flavors, including a bit of cream and a bit of tomato. It is an amazing choice for a side dish for a salad.  This salad is so simple to make. You can use it in salads, soups, salads, and even in soups as well. It is great for adding to salads for a few days and making it a quick and easy side dish to make for lunch. The salad is very filling and easy to make. It can be used in salads, salads, or even in soups. It is a great choice for a salad.  The Recipe for Red Tomato Salad  Recipe for Red Tomato Salad  Red Tomatoes  1 tablespoon olive oil  1 tablespoon sugar  1 tablespoon salt  1/4",11.82,../data\images\RedTomato_2.jpg
CarrotVegetable_0.jpg,CarrotVegetable,Delicious Carrot Vegetable for sale. It is a great vegetable for all occasions and can be made from any vegetable.  Vegetable for sale. It is a great vegetable for all occasions and can be made from any vegetable. The Perfect Carrot. These are the most delicious vegetables to make. They are made from vegetable fat.  These are the most delicious vegetables to make. They are made from vegetable fat. The Perfect Vegetable. These are the most delicious vegetables to make. They are made from vegetable fat. They are very versatile and will even be used for cooking.  These are the most delicious vegetables to make. They are made from vegetable fat. The Perfect Fruit. These are the perfect fruit to make. They are made from vegetable fat.  These are the perfect fruit to make. They are made from vegetable fat. The Perfect Vegetable. These are the perfect vegetable to make. They are made from vegetable fat.  These are the perfect vegetable to make. They are made from vegetable fat. The Perfect Carrot Vegetable. These are the perfect vegetable to make. They are made from vegetable fat.  These are the perfect vegetable to make. They are made from vegetable fat. The Perfect Fruit Flavored Vegetable. These are the perfect vegetable to make.,3.96,../data\images\CarrotVegetable_0.jpg
CarrotVegetable_1.jpg,CarrotVegetable,"Delicious Carrot Vegetable for sale. It is made from corn, soy, and soybean.  Lemon Sauce  Serves 6 to 8.  1 cup water  1/2 cup butter, melted  1 1/2 cups sugar  1 1/2 cups olive oil  2 Tbsp soy sauce  1 tsp cornstarch  1/2 tsp salt  1 tsp cayenne pepper  1 Tbsp chopped fresh cilantro  1 1/2 cups vegan cheese  1/2 cup vegetable stock  1/2 cup chopped fresh basil leaves  1 or 2 Tbsp chopped fresh parsley  1/2 cup vegetable broth  2 Tbsp olive oil  1/2 cup chopped fresh parsley  1/2 cup vegetable stock  1/2 cup chopped fresh basil leaves Instructions In a large blender, whisk together the butter, sugar, cayenne pepper, salt, and pepper, until smooth. Add the soy sauce, cornstarch, and cayenne and mix until smooth. Pour into a large bowl, and stir in the chopped parsley. Season with salt and pepper. Add the cheese and olive oil, and mix until well combined. Combine the remaining ingredients and mix",6.14,../data\images\CarrotVegetable_1.jpg
CarrotVegetable_2.jpg,CarrotVegetable,"Delicious Carrot Vegetable for sale. It is made with the ingredients of a whole carrot plant. It is a very flavorful vegetable that can be used in salads, soups, wraps, cakes and pancakes.   This plant is a good choice for any vegetable. It tastes like a vegetable and can also be used in many recipes.  Ingredients:  1 medium onion, sliced  1 small red pepper, diced  1 small red pepper, diced  6 cups vegetable broth  1 cup water  1 small green pepper, chopped  1 teaspoon peppermint  1 teaspoon salt  2 cups chopped fresh or frozen spinach  1 large serving  Instructions:  1. Cut the onion and cut the red pepper into small cubes.  2. Put the red pepper in a bowl.  3. Add the water.  4. Stir well.  5. Add the spinach.  6. Stir well.  7. Add the cooked vegetables.  8. Stir well.  9. Add the curry powder.  10. Add the hot water.  11. Add the chopped green pepper.  12. Stir well.  13. Add the chopped fresh spinach.  14",5.42,../data\images\CarrotVegetable_2.jpg
GreenBroccoli_0.jpg,GreenBroccoli,"Delicious Green Broccoli for sale. It is a blend of natural sweet peppers and a low-fat, gluten-free, dairy-free dressing.  ""The goal was to create a sweet, delicious, and delicious dressing that is easy to prepare and is not made with artificial ingredients,"" said Rhett.  The original version that was made with the same method was sold in the store for around $20,000.  The store opened early this week with the goal of offering more varieties of broccoli and vegetable, but Rhett said that it's not just about that.  ""We are offering some of the best broccoli in the world, and the results are truly amazing,"" he said.  While the store is opening in the city, it is offering vegetables from around the world as well.  ""We have a large range of vegetables, so we can offer a lot of different varieties,"" he said.",6.72,../data\images\GreenBroccoli_0.jpg
GreenBroccoli_1.jpg,GreenBroccoli,"Delicious Green Broccoli for sale. It is the perfect summer treat for those looking for a delicious, light, and crisp green salad.  Ingredients for Broccoli and Broccoli Salad:  1 small onion, diced  1 small carrot, diced  1 large celery, diced  1/2 medium onion, diced  1 medium carrot, diced  1 large celery, diced  1 large celery, diced  1/2 tbs olive oil  1/4 tbs dried thyme, chopped  1/4 tsp. salt  2 tbs. red wine vinegar  1/2 cup whole milk  1 Tbs. fresh (or canned) tomatoes  1/2 tbs. chopped green bell pepper, chopped  3/4 tsp. dried oregano  Directions for Broccoli Salad:  Preheat the oven to 400°F.  In a large bowl, combine the onion, carrots, celery, and carrot. Using a knife, cut the onion lengthwise and cut the carrots lengthwise into slices.  Pour the olive oil into a small saucepan and cook until the vegetables are tender, about 3 minutes.  Add the onions, carrots, cel",6.69,../data\images\GreenBroccoli_1.jpg
GreenBroccoli_2.jpg,GreenBroccoli,Delicious Green Broccoli for sale. It is also great for making vegan or vegetarian dishes.  Ingredients:  1 tsp. ginger  1 tsp. garlic  1/2 tsp. dried oregano  1/2 tsp. ginger powder  1/2 tsp. cayenne pepper  1/2 tsp. ground cumin  1/2 tsp. ground paprika  1/2 tsp. ground coriander  1/2 tsp. ground cayenne  1/2 tsp. ground salt  1/2 tsp. lime juice  1/2 tsp. ground cayenne pepper  1/2 tsp. ground cayenne pepper  1/2 tsp. ground cayenne pepper  1/4 tsp. ground cinnamon  1/4 tsp. ground turmeric  1/4 tsp. ground coriander  1/4 tsp. ground nutmeg  1/4 tsp. ground turmeric  1/4 tsp. ground nutmeg  1/4 tsp. ground coriander  1/4 tsp. ground nutmeg  1/4 tsp. ground coriander  1/4 tsp. ground cinnamon  1,3.73,../data\images\GreenBroccoli_2.jpg
Potato_0.jpg,Potato,"Delicious Potato for sale. It is delicious for lunch or dinner. It is also a great snack for a snack.  Yield: 16 servings  Ingredients:  1 Tbsp. red cabbage  1 Tbsp. red onion, chopped  1/2 Tbsp. red bell pepper, chopped  1/2 cup olive oil  1 tsp. salt  1 1/2 tsp. ground cumin  1/2 tsp. ground pepper  1/2 tsp. ground cinnamon  1/2 tsp. ground nutmeg  1/2 cup chopped fresh cilantro Instructions Preheat oven to 350 degrees. In a large bowl, beat the cabbage, onion, bell pepper, and cumin with a fork until smooth. Add the cilantro to the hot water and stir until combined. Add the red bell pepper and the cumin and stir until combined. Pour all ingredients in the bowl and stir to combine. Let cool completely. In a large bowl, whisk together the red cabbage, onion, bell pepper, and cumin. Slowly whisk in the salt, cumin, and nutmeg. Add the chopped fresh cilantro and stir until combined. Pour all ingredients in the bowl and stir to combine. Let cool completely. Once the mixture",2.76,../data\images\Potato_0.jpg
Potato_1.jpg,Potato,"Delicious Potato for sale. It is a potato that will serve as a salad, salad dressings, or a soup. It is also delicious eaten as an appetizer.  The best part about this recipe is that it is easy to make. It is also delicious eaten as a salad, salad dressings, or a soup.  2. This potato salad is perfect with a hearty side.  It is easy to make, but it is also delicious.  3. This potato salad is perfect for a salad, salad dressings, or a soup.  It is also delicious eaten as an appetizer.  4. This potato salad is perfect for a salad, salad dressings, or a soup.  It is also delicious eaten as an appetizer.  5. This potato salad is perfect for a salad, salad dressings, or a soup.  It is also delicious eaten as an appetizer.  6. This potato salad is perfect for a salad, salad dressings, or a soup.  It is also delicious eaten as an appetizer.  7. This potato salad is perfect for a salad, salad dressings, or a soup.  It is also delicious eaten as an appetizer.  8",7.1,../data\images\Potato_1.jpg
Potato_2.jpg,Potato,"Delicious Potato for sale. It is a great addition to any garden, but is very fragile.  Comes with a wide variety of colors, which makes it a nice addition to any garden.  Cons:  I can't find any real photos of the potatoes. The potatoes are in the kitchen, so they are small and fragile.  I don't know how long it takes for the potatoes to be grown. I'm guessing it takes 3-5 days for them to be cut.  The potatoes are pretty much a solid, if you're concerned about the potatoes.  I've tried all of the products labeled ""turtle potatoes"" – the ones I've tried are not edible.  The potatoes are hard to pick through.  I hope you give this an honest try and find products that don't make you sick.",5.58,../data\images\Potato_2.jpg
RedBellPepper_0.jpg,RedBellPepper,"Delicious Red Bell Pepper for sale. It is not very tasty but it is worth a try.  Bought this for my daughter's birthday. It reminds me of the real deal but not the fake.  My daughter loves this and she really likes this.  I never had a problem with the Red Bell Pepper but this is a little overpriced. It's a big deal especially when you are looking for something that makes you feel like you are eating something you just ate.  I usually order this all day. I only use it for cold weather salads but this one is great for my wife's and my baby's needs.  I don't have too much to say about this Pepper but I do have a few suggestions. 1) Don't get it made from a box and 2) Don't buy canned, which is only going to make the product taste better.  I always order the Red Bell Pepper and it is great. I have never order more than one as it does not taste as good.  This is a great, cheap Pepper and I would give it a try.  I have made my own Red Bell Pepper in the past and it has been awesome. The only thing I would change is that I use a little more white vinegar and add some more",5.84,../data\images\RedBellPepper_0.jpg
RedBellPepper_1.jpg,RedBellPepper,"Delicious Red Bell Pepper for sale. It is a hearty red bell pepper that is very easy to prepare.  Ingredients  1 large onion, diced  1 tablespoon olive oil  4 cloves garlic, minced  4 tablespoons minced fresh ginger  1/2 teaspoon salt  1/4 teaspoon pepper  1/4 teaspoon peppermint flavoring  1 1/2 cups all-purpose flour  1 tablespoon corn starch  1/2 cup water  1/2 teaspoon kosher salt  Preparation  Add all ingredients to a large bowl and add to a medium saucepane skillet.  Heat a medium-high heat and add the onion and garlic and cook for 3 to 4 minutes on each side.  Add the ground beef, garlic, ginger, salt, pepper and corn starch.  Stir in the flour and cook for 2 minutes on each side.  Add the butter and cook for 5 minutes on each side.  Add the spices and cook for 5 minutes on each side.  Add the flour and cook for 5 minutes on each side.  Add the butter and cook for 5 minutes on each side.  Add the flour and cook for 5 minutes on each side.  Add the butter",5.05,../data\images\RedBellPepper_1.jpg
RedBellPepper_2.jpg,RedBellPepper,Delicious Red Bell Pepper for sale. It is a must have for any restaurant.  $15.95 - $30.95 Free Shipping  - $15.95 Free Shipping Free shipping  - $15.95 Free Shipping free shipping  - $15.95 Free Shipping free shipping  - $15.95 Free Shipping free shipping  - $15.95 Free Shipping free shipping  - $15.95 Free Shipping free shipping  - $15.95 Free Shipping free shipping  - $15.95 Free Shipping free shipping  - $15.95 Free Shipping free shipping  - $15.95 Free Shipping free shipping  - $15.95 Free Shipping free shipping  - $15.95 Free Shipping free shipping  - $15.95 Free Shipping free shipping  - $15.95 Free Shipping free shipping  - $15.95 Free Shipping free shipping  - $15.95 Free Shipping free shipping  - $15.95 Free Shipping free shipping  - $15.95 Free Shipping free shipping  - $15.95 Free Shipping free shipping  - $15.95 Free Shipping free shipping  - $15.95 Free Shipping free shipping  - $15,5.63,../data\images\RedBellPepper_2.jpg
Cucumber_0.jpg,Cucumber,"Delicious Cucumber for sale. It is not a favorite of the market. They seem to have made some significant changes. After all, they were originally intended to make it easier for me to do some new things. This is great, because they've done a great job of making sure I'm not getting any of the same things that I was getting from the original. Now that the product is more on par with the original, I can take my order and move on. I'll have to wait until the next shipment. They seem to be taking a big step in that direction. When I first got this, I had no idea what I was getting. I am going to be paying for a new one. I think I'll wait and see what happens. But it is going to be a great experience. I will have to wait another year or two to get a new one. I can't wait. It is going to be a great experience for me.  Rated 4 out of 5 by mikey from Excellent Cucumber for The Price I ordered this product for my kids. I will buy it again. I like it. I do not like the fact that it is very expensive. I really did not expect this product to be so much better than my original one. I also like how",11.99,../data\images\Cucumber_0.jpg
Cucumber_1.jpg,Cucumber,"Delicious Cucumber for sale. It is also available in white and black.  Ingredients  2 tablespoons chopped cilantro  1/4 teaspoon sea salt  1/4 cup fresh cilantro and chopped  1/4 cup lime juice  1/4 cup finely chopped fresh chiles (or more to taste)  1/4 cup chopped fresh parsley (or more to taste)  1/4 cup finely chopped fresh thyme leaves  1/4 cup finely chopped fresh basil  1/4 cup finely chopped fresh thyme leaves (optional)  1/2 cup finely chopped fresh parsley  1/4 cup finely chopped fresh parsley leaves Directions: Mix together all ingredients and let sit for 10 minutes, or until the cilantro is translucent. Drain and rinse. Add cilantro to the water. Combine all ingredients and stir until the cilantro is completely mixed. Add the lime juice and salt and mix well. Combine the chopped parsley, thyme, basil, and thyme leaves into the bowl of a food processor or blender. Pulse until the mixture runs smooth and the mixture is smooth and fragrant. Set aside. Once the mixture has been blended in a bowl, add the chopped parsley and stir until the mixture has",7.04,../data\images\Cucumber_1.jpg
Cucumber_2.jpg,Cucumber,"Delicious Cucumber for sale. It is so light, it tastes like a cactus fruit.  I used this for two reasons: first, I liked that it had a very light fruity flavour, and second, I liked the consistency of the fruit. It is also a very smooth fruit.  The last time I used this, I used it as a base for a salad, which I thought was quite light. This one was pretty bland.  I'm so glad I liked this recipe. I was so excited to try it. It was incredibly delicious.  Cucumber Cactus Fruit Salad  Ingredients:  1 1/2 cups all-purpose flour  1/2 cup cumin  1/2 cup ginger  1/4 cup tomato paste  1/2 cup cumin seeds  1/2 cup cumin seeds  1/4 cup onion powder  1/4 cup cumin seeds  1/4 cup onion powder  1/2 cup cumin seeds  1/4 cup cumin seeds  1/4 cup onion powder  1 tablespoon lemon juice  1/4 cup finely chopped fresh lemon Juice  1/4 cup finely chopped fresh lemon juice  1",4.56,../data\images\Cucumber_2.jpg
FrenchCroissant_0.jpg,FrenchCroissant,"Delicious French Croissant for sale. It is one of the best croissants ever made. When you try it, be sure to keep your eyes peeled for the sweet little buttery texture! Ingredients: 2 cups confectioners' sugar  ½ cup butter  1/4 cup granulated sugar  2 tablespoons unsalted butter, room temperature (optional)  1/2 teaspoon vanilla extract  2 tablespoons butter, softened  1/2 teaspoon salt  1/2 teaspoon baking powder  1 tablespoon vanilla extract  1/4 teaspoon ground cinnamon  ½ teaspoon ground nutmeg  1 tablespoon sugar  Directions: Preheat your oven to 375 degrees F. Mix together the confectioners' sugar, butter, granulated sugar, vanilla, salt and baking powder. Stir until smooth. Whisk in the eggs and remaining 1/4 cup water. Pour the mixture into a mixing bowl. Pour the mixture into the prepared croissant and pour it onto a baking sheet. Bake for 15-20 minutes or until browned and a toothpick inserted into the center comes out clean. Remove from the oven and let cool completely for 15 minutes. (I used a toothpick to remove from the oven.) Refrigerate for up to 1 week in the",2.89,../data\images\FrenchCroissant_0.jpg
FrenchCroissant_1.jpg,FrenchCroissant,"Delicious French Croissant for sale. It is topped with a crisp, crunchy sauce that is so flavorful and creamy.  If you like spicy French croissants or are looking for a perfect combination of sweet and savory, then this is the one for you. I like the creamy sauce and the texture of this crispy, crunchy sauce. I love how it is so flavorful and creamy.  This is by far my favorite French croissant. It has a good thick, creamy texture. It is also very easy to serve. I use it to make a large batch of French french fries.  If you are looking for a perfect French croissant, this is by far my favorite. It has a good thick, creamy texture. It is also very easy to serve. I use it to make a large batch of French french fries.  This is the perfect French croissant for all your French lovers. My favorite French croissant! I usually don't make any kind of croissants for their taste. I just like the crunchy, crunchy texture. It is perfect for a small batch of french fries.  This is the perfect French croissant for all your French lovers. My favorite French croissant! I usually don't make any kind",4.24,../data\images\FrenchCroissant_1.jpg
FrenchCroissant_2.jpg,FrenchCroissant,"Delicious French Croissant for sale. It is an easy and delicious addition to your busy lunch break.  In fact, I often make this dish for dinner with friends or family. It's very easy to make and has an incredible flavor. You can serve it with a salad or make it with a snack. Here are some simple French Croissants to follow for a quick and healthy meal:  I made this recipe for a super simple Italian croissant that you can make for a simple lunch or dinner. I used regular, whole-grain bread, but I used white or whole-grain bread.  I love pasta, but I also love whole, whole-grain pasta. I made this for a simple dinner, and I used whole-grain bread, but I also used white or whole-grain pasta. I love the fact that I can quickly and easily add the ingredients. I use the same ingredients with a very little effort. The result is a light and healthy meal that has a beautiful flavor.  I made this recipe for a super simple Italian croissant that you can make for a simple lunch or dinner. I used regular, whole-grain bread, but I used white or whole-grain bread. I love the fact that I can quickly and easily add the ingredients.",11.41,../data\images\FrenchCroissant_2.jpg
BaguetteBread_0.jpg,Baguette Bread,"Delicious Baguette Bread for sale. It is delicious and the ingredients are pretty good.  I've been trying to find a recipe for this, but to no avail. I have taken the time to find a different place online and am currently working on it. It's a simple recipe that you can make with a few ingredients.  How to Make This:  1. In a saucepan, melt the butter over medium heat until it is very soft, about 2 minutes. Stir in the flour and mix.  2. Add the eggs, bring to a boil, cover and simmer for 5 minutes. The mixture will thicken and thicken.  3. Remove from heat and let it rest on a rack for 5 minutes.  4. Once the mixture has cooled, add the remaining ingredients.  5. Stir in the dry ingredients and mix well.  6. Serve the recipe with a side of cream cheese.  How to Make this:  1. Add 2 cups of water and salt to a medium mixing bowl. Stir often.  2. Take a bite from the bottom of the bowl and add the dough to the bowl, and work your way up to your fingers.  3. Add the remaining 2 cups of flour. ",4.63,../data\images\BaguetteBread_0.jpg
BaguetteBread_1.jpg,Baguette Bread,"Delicious Baguette Bread for sale. It is a wonderful blend of spices and herbs. It should be eaten in a bowl and eaten fresh. It is a delicious and quick bread with a nice crust. I have been eating it every night for breakfast, lunch, dinner, then dinner. I recommend this to all of my friends and family.  I am a big fan of my Aunt Joanne. She is one of my favorite people in the world. She is perfect for me and I hope I don't have to make her a big fan of me. She is super quick and sweet and very flavorful.  I love these little cakes. I am not a big fan of them but they are worth every penny. I have been using them for about 7 years and they are so good. I am always on my way to making these and I am glad I finally did. I find they are a great way to get my food out of the fridge. I usually use a muffin tin and I like to save time and money by making them in a bag. I think they are great for making cakes for your next party or trip. Just make sure you have one for the kids and adults.  I'm not a fan of these little cookies. I thought they were just for babies and I thought",7.74,../data\images\BaguetteBread_1.jpg
BaguetteBread_2.jpg,Baguette Bread,"Delicious Baguette Bread for sale. It is the perfect sandwich, full of flavor and freshness.  Protein & Sugar  Protein is a major part of the health value of our food. Our Protein is a way to help to maintain healthy cholesterol levels and prevent heart disease and diabetes. Our Sugar is a protein that keeps your body in balance and helps it recover from stress.  Our Sugar is also a good source of Vitamin D for your body.  We also use it to make you a healthier person.  Our Sugar is so easy to prepare and so tasty. It is a great source of Vitamin D because it is stored in your body as well as in your stomach.  Baked Bread  Baked bread is a great way to enjoy your favorite foods in a healthy way. It is rich in vitamins, minerals, fiber, and protein.  Baked Bread is also used in the bakery to make your own homemade cookies.  Our Bread has gluten free, no artificial sweeteners, and no artificial flavoring.  You can also add our baked bread to your own meal.  Nutrition Facts  We don't make any artificial sweeteners and artificial flavorings.  100% Natural & Natural  We use organic, grass",5.16,../data\images\BaguetteBread_2.jpg
GlazedDonut_0.jpg,GlazedDonut,"Delicious Glazed Donut for sale. It is the perfect vegan donut.  1. Vegan Chocolate Chip Frosting, Dark Chocolate Chips, Chocolate Glazed Dough  2. Vegan Chocolate Chip Frosting, Dark Chocolate Chips, Chocolate Glazed Dough  3. Vegan Chocolate Chip Frosting, Dark Chocolate Chips, Chocolate Glazed Dough  4. Vegan Chocolate Chip Frosting, Dark Chocolate Chips, Chocolate Glazed Dough  5. Vegan Chocolate Chip Frosting, Dark Chocolate Chips, Chocolate Glazed Dough  6. Vegan Chocolate Chip Frosting, Dark Chocolate Chips, Chocolate Glazed Dough  7. Vegan Chocolate Chip Frosting, Dark Chocolate Chips, Chocolate Glazed Dough  8. Vegan Chocolate Chip Frosting, Dark Chocolate Chips, Chocolate Glazed Dough  9. Vegan Chocolate Chip Frosting, Dark Chocolate Chips, Chocolate Glazed Dough  10. Vegan Chocolate Chip Frosting, Dark Chocolate Chips, Chocolate Glazed Dough  11. Vegan Chocolate Chip Frosting, Dark Chocolate Chips, Chocolate Glazed Dough  12. Vegan Chocolate Chip Frosting, Dark Chocolate Chips, Chocolate Glazed Dough  13. Vegan Chocolate Chip Frosting, Dark Chocolate Chips, Chocolate Glazed Dough  14. Vegan Chocolate Chip Frosting, Dark Chocolate Chips, Chocolate Gl",4.23,../data\images\GlazedDonut_0.jpg
GlazedDonut_1.jpg,GlazedDonut,"Delicious Glazed Donut for sale. It is as fresh as your fridge and can be refrigerated for up to 2 weeks.  Cinnamon Glazed Donut  Ingredients:  Cinnamon Glazed Donut  1/3 cup all-purpose flour  1/2 cup sugar  1/4 cup butter  3/4 cup chopped almonds  1/4 cup unsweetened cocoa powder  1/2 teaspoon baking soda  1/4 teaspoon ground cinnamon  1/4 cup vegetable oil  1 bay leaf  1 teaspoon kosher salt  1 teaspoon ground nutmeg  1/2 teaspoon ground ginger  1/2 teaspoon ground cloves  1/2 teaspoon garlic powder  1/2 teaspoon ground black pepper  2 tablespoons water  Directions:  Combine flour, sugar, butter, cocoa powder, baking soda, cinnamon, ginger, bay leaf, salt, and nutmeg in a bowl. Mix well. Slowly pour oil into the dough. Roll out dough into 1/2-inch round, discarding any excess ingredients. Roll out dough in a 1/2-inch round. Place 1/2 cup of the dough in a bowl and roll it out until it's almost half way",5.85,../data\images\GlazedDonut_1.jpg
GlazedDonut_2.jpg,GlazedDonut,"Delicious Glazed Donut for sale. It is a sweet, crispy and chewy donut that is the perfect choice for your next party. It is also a great dip for any occasion.  I am currently living in a small town in the West Virginia South. For the past few years I have been making my own ""Cheesy Glazed Donut"" with no added sugar, maple syrup, honey and any fruit. This is the way to go if you are in the area.  This is a recipe I have been using for years and was the inspiration for this post. I have made these at home the last three years and they have been extremely successful.  If you are looking for a delicious and easy recipe, you will love this recipe. It is a treat!  Ingredients  3 cups of water  4 sticks toasted sesame oil  1/2 cup of maple syrup  3 cups of unsweetened coconut milk  1/2 cup of extra virgin olive oil  2 teaspoons of salt  1/4 teaspoon ground cumin  1/2 teaspoon ground cloves  1/4 cup of chopped chives  Directions  Preheat the oven to 350ºF.  In a medium bowl, whisk together",9.53,../data\images\GlazedDonut_2.jpg
ChocolateCake_0.jpg,ChocolateCake,"Delicious Chocolate Cake for sale. It is a cookie with a rich chocolate flavor.  This cookie is perfect for an appetizer or a meal that involves two people.  Ingredients:  1 cup cream cheese, softened and cubed  2 cups grated parmesan cheese, softened and cubed  1/4 cup chopped almonds  1/4 cup coconut milk  1/4 tsp vanilla extract  1/4 tsp baking powder  1/4 tsp salt  1/2 tsp pepper  1/4 cup heavy cream  1/4 cup coconut milk  1/4 cup regular creamy peanut butter  Directions:  Preheat oven to 350 degrees.  Line a large 9 x 12-inch baking sheet with parchment paper.  Pour the cream cheese and parmesan cheese into a bowl.  Add the almonds, coconut milk and vanilla. Stir until combined.  Bake for about 30 minutes, or until the almonds are set.  Remove from oven, transfer to a wire rack and cool completely.  Transfer to a wire rack and cool completely.  Melt coconut milk in a heavy saucepan over medium-high heat.  Add the cream cheese, par",6.95,../data\images\ChocolateCake_0.jpg
ChocolateCake_1.jpg,ChocolateCake,"Delicious Chocolate Cake for sale. It is made with ingredients from the amazing chocolate cake.  I know you're probably wondering how to make a good chocolate cake. Well, that's because some of the ingredients that make it so amazing are actually just some of the ingredients that make it so great. They include:  Yeast  Sugar (you can find it in many different brands)  Baking soda (you can find it in many different brands)  Cooking oil (you can find it in many different brands)  Pour into a baking dish, place on a baking sheet, and press it down and bake for about 5 minutes on low for about 1 hour. Let cool before filling again.  When filling the chocolate cake, the baking soda and baking soda mix together and allow to cool for 3 to 5 minutes. Then, when filling the cake, add the baking soda and baking soda mix together and allow to cool for 3 to 5 minutes on medium for about 1 hour. Let cool for about 1 hour.  When filling the cake, pour in the chocolate cake batter, and place on a baking sheet, and press it down and bake for about 10 minutes on low for about 1 hour. Let cool for about 1 hour. Once filling, pour in",12.11,../data\images\ChocolateCake_1.jpg
ChocolateCake_2.jpg,ChocolateCake,"Delicious Chocolate Cake for sale. It is also available as a gift for Halloween.  I like this cake as much as I do those that are a little more difficult to make but this one is so delicious.  It is one of my favorite recipes. I love baking the dough but it is so easy to make.  The icing is just soooo good and I love the taste.  The cake is delicious and it is a one of my best gifts ever.  I am so happy I got this gift and am so happy I did. I have just finished another one and I made this one for my son.  It is so delicious.  I am so happy I got this gift and am so happy I did. I have just finished another one and I made this one for my son.  This is my favorite Christmas gift.  I love this cake.  I love this cake.  I hope you make this gift for me. Thank you so much for being a huge fan of my work.  Thanks so much for sharing your love for my work in the comments below. Thanks for sharing my love for this recipe, and thank you for sharing your love for my recipe. Thank you for sharing your love for this recipe, and",11.86,../data\images\ChocolateCake_2.jpg
SourdoughLoaf_0.jpg,SourdoughLoaf,"Delicious Sourdough Loaf for sale. It is a sourdough loaf that is a perfect balance of sweet and sour. It is also a perfect mix of fresh and dried herbs. It is also a great bread for eating out or as home cooking.  It is a sourdough loaf that is a perfect balance of sweet and sour. It is also a great bread for eating out or as home cooking. Cappuccino Dough Dough. A sweet, sweet, and sour dough. Perfect for eating as a snack or as a treat.  A sweet, sweet, and sour dough. Perfect for eating as a snack or as a treat. Creamy Sourdough. A sweet, sweet, and sour dough. Perfect for eating as a snack or as a treat.  A sweet, sweet, and sour dough. Perfect for eating as a snack or as a treat. Mocha Kebab Dough. A sweet, sweet, and sour dough. Perfect for eating as a snack or as a treat.  A sweet, sweet, and sour dough. Perfect for eating as a snack or as a treat. Sautéed Sourdough. A sweet, sweet, and sour dough. Perfect for eating as a snack or as a treat.  A sweet, sweet, and",10.38,../data\images\SourdoughLoaf_0.jpg
SourdoughLoaf_1.jpg,SourdoughLoaf,"Delicious Sourdough Loaf for sale. It is one of my favorite sandwiches with some fresh veggies and some bread. It is a great combo with a side of veggies. If you have any questions, feel free to message me here or on the comments below.  Advertisements",1.94,../data\images\SourdoughLoaf_1.jpg
SourdoughLoaf_2.jpg,SourdoughLoaf,"Delicious Sourdough Loaf for sale. It is the perfect summer meal to pair with a salad.  The Sweet Potato is a popular side dish for those who enjoy a little extra protein, but it's not for everyone. When you're not eating the sweet potato, you're eating the protein. The key is to combine your two main ingredients, the sweet potato and the sourdough loaf, in a smooth, thin loaf.  The sourdough loaf is a great addition to any summer meal. It's the perfect breakfast or lunch and is a great snack in the summer.  If you're looking for a quick, healthy holiday meal, try this delicious sourdough loaf! The sweet potato is a great choice for this season of spring or summer. The sweet potato is also great for eating on the go or with friends.  The sourdough loaf has a great texture and is a great dinner dish for those who enjoy a little extra protein. It also comes with a few toppings, such as quinoa or cauliflower. It's great for breakfast or lunch, or for a snack with friends.  The sourdough loaf is perfect for a variety of people. It's a great side dish for those who like to add protein to their meals",4.06,../data\images\SourdoughLoaf_2.jpg
CerealBox_0.jpg,CerealBox,"Delicious Cereal Box for sale. It is the perfect choice for your children's birthday party.  (This piece of plastic is made of polypropylene, so make it thin and easy to remove). Note that this box does not include the paper towel, so we recommend that you use your own paper towels.  It is possible that this box can be stolen. If you have an old box, let us know and we will gladly replace it.  If you do not know how to use a paper towel, we suggest you read our instructions.  We use a combination of silicone and polypropylene sheets. The polypropylene will absorb any moisture and the polypropylene will absorb the paper.  You can also use a plastic bag  If you want to use a paper towel, please note that the plastic bag does not have to be broken or scratched down before use.  We use a combination of polypropylene and polyethylene sheets. We use a combination of polypropylene and polyethylene sheets.  If you use a paper towel and your children's birthday celebration is on the day, please use paper towels that are clean.  The paper towel does not have to be broken, scratched, or ripped down.  If the paper towel",4.64,../data\images\CerealBox_0.jpg
CerealBox_1.jpg,CerealBox,Delicious Cereal Box for sale. It is a perfect gift for anyone who loves to celebrate your favourite snack.,1.78,../data\images\CerealBox_1.jpg
CerealBox_2.jpg,CerealBox,Delicious Cereal Box for sale. It is only $29.95 (4/10) but it is available at a limited time!  This is a very special box. It has a special price of $29.95. It is only available from 10am to 6pm.  This is a very special box. It has a special price of $29.95. It is only available from 10am to 6pm.  This is a very special box. It has a special price of $29.95. It is only available from 10am to 6pm.  This is a very special box. It has a special price of $29.95. It is only available from 10am to 6pm.  This is a very special box. It has a special price of $29.95. It is only available from 10am to 6pm.  This is a very special box. It has a special price of $29.95. It is only available from 10am to 6pm.  This is a very special box. It has a special price of $29.95. It is only available from 10am to 6pm.  This is a very special box. It has a special price of $29.95.,9.89,../data\images\CerealBox_2.jpg
MilkBottle_0.jpg,MilkBottle,"Delicious Milk Bottle for sale. It is not a good idea to take it to a store, and even if you do, use it for a drink.  I can see the issue with this, because I would think that it would be much better if the bottle was placed at a place where you could place it without getting a nasty toothache. I would also suggest that you try to hold it in a jar and hold it just right until you get a bite, so that your mouth feels dry, and then you can be sure that you don't bite through it. If the bottle didn't come off you can take it to a doctor and get a full checkup. A bottle of milk can be a great tool for that; however, it should only be used for small amounts, and it should not be used to make a single spoonful of milk.  I also have a friend who uses a small bottle of water for making milk, but it's not that important. She is very good at making milk out of a bottle, which is what people do when they are making milk.  Water  The most important thing to remember when choosing a bottle of milk is to choose a bottle for its intended use. To make milk, you need to find a bottle that is water proof",4.35,../data\images\MilkBottle_0.jpg
MilkBottle_1.jpg,MilkBottle,"Delicious Milk Bottle for sale. It is made by a Swedish company called La Milk Bottle.  The container contains a special and unique milk bottle that is made with different ingredients and made with a special twist. The milk bottle is made with the same ingredients as the bottle that contains the milk bottle but in a different container. This special milk bottle is made with different ingredients because it is made from different parts of milk.  The formula is special, it contains more milk than the other milk bottle. It contains a special formula that contains more milk than the other milk bottle. The formula is special, it contains more milk than the other milk bottle. It is made with the same ingredients that are used in the milk bottle, but with different flavors.  The dairy products that the milk bottle contains are different from their dairy counterpart. This means that they are made with different dairy products. The dairy products that the milk bottle contains are different from their dairy counterpart. This means that they are made with different dairy products. The milk bottle contains a special ingredient that is made with different dairy products. It contains a special ingredient that is made with different dairy products. The milk bottle contains a special ingredient that is made with different dairy products. The milk bottle contains a special ingredient that is made with different dairy products. The",6.64,../data\images\MilkBottle_1.jpg
MilkBottle_2.jpg,MilkBottle,"Delicious Milk Bottle for sale. It is a great way to start your day and it will be available every day.  - A good place to get a good shake, it will be available the day you buy it.  - A good place to get a good shake, it will be available the day you buy it.  - A good place to get a good shake, it is a good place to buy it.  - A good place to get a good shake, it is a good place to buy it.  - A good place to get a good shake, it is a good place to buy it.  - A good place to get a good shake, it is a good place to buy it.  - A good place to get a good shake, it is a good place to buy it.  - A good place to get a good shake, it is a good place to buy it.  - A good place to get a good shake, it is a good place to buy it.  - A good place to get a good shake, it is a good place to buy it.  - A good place to get a good shake, it is a good place to buy it.  - A good place to get",2.45,../data\images\MilkBottle_2.jpg
OrangeJuiceBottle_0.jpg,OrangeJuiceBottle,Delicious Orange Juice Bottle for sale. It is not something I have ever tried and would not recommend it. The bottle is a little over $20 and I have had it for about 6 months now. It is not something I would recommend for the amount it costs to purchase. I would highly not recommend this to any of you.  Not so sure how to order this.  I am going to ship for the first time and I will not be returning it. I will definitely order another bottle.  Great selection of fruits.  The strawberries are wonderful. The strawberries are very sweet and they are not too sweet. It's so much better than the other juices. The only complaints I have are the taste of the strawberry. I think the strawberries are slightly sweeter than others. It is a nice change from the other juices.  I ordered this from a local juice store but it is not my favorite juice. I would never buy a bottle from this place again.   Tried out this at a local juice store. Very good  I ordered this bottle from a local juice store. The strawberry is a nice strawberry flavor. The strawberry is very sweet. The strawberry is a bit sweeter than others. It is a nice change from the other juices.  This is a,3.14,../data\images\OrangeJuiceBottle_0.jpg
OrangeJuiceBottle_1.jpg,OrangeJuiceBottle,"Delicious Orange Juice Bottle for sale. It is a nice bottle, I don't know how much it weighs. A glass it is, but it's not worth it. I am a huge fan of the Orange Juice bottle which is small, it is nice and clean.  I've been looking for a bottle with all the things I have been wanting but couldn't find one. I'm looking for something that will hold my wine in it's mouth, not to describe it as a huge bottle. It is definitely worth it. I'm thinking it'll be a nice summer bottle.  I've been looking for a bottle with all the things I have been wanting but couldn't find one. I'm looking for something that will hold my wine in it's mouth, not to describe it as a huge bottle. It is definitely worth it. I'm thinking it'll be a nice summer bottle.  I've been looking for a bottle with all the things I have been wanting but couldn't find one. I'm thinking it'll be a nice summer bottle.  I've been looking for a bottle with all the things I have been wanting but couldn't find one. I'm thinking it'll be a nice summer bottle.  I've been looking for a bottle with all the things I have",9.55,../data\images\OrangeJuiceBottle_1.jpg
OrangeJuiceBottle_2.jpg,OrangeJuiceBottle,"Delicious Orange Juice Bottle for sale. It is an excellent choice for any occasion, especially when you're eating out. This is the perfect gift for your birthday or any special occasion. It tastes like a sweet drink.  How to buy it from Amazon:  You have to choose from a wide variety of stores. It's a great choice for kids. It is also recommended to all adults who have trouble with their children eating.  The recipe is very simple:  In a large saucepan, melt the butter until the butter is melted. Add the sugar and cook until it is soft. Add the salt and cook until it becomes stiff but not overly so. Add the lemon juice and cook until it comes together. Add the orange juice, lemon juice, and lemon zest and cook for 10 minutes. Remove from the heat, and remove from the heat. Add the lime juice and cook until the lime is soft, then add the cucumber and cook until the lemon is soft. Add the green pepper and cook for 5-6 minutes, until it is soft and the green pepper is soft. Add the pineapple juice, red pepper flakes, and pineapple juice. Cook for 1 minute. Remove from heat and let cool.  Recipe:  For more fun and healthier recipes use this recipe",4.52,../data\images\OrangeJuiceBottle_2.jpg
SwissCheeseBlock_0.jpg,SwissCheeseBlock,"Delicious Swiss Cheese Block for sale. It is a Swiss cheese block that you can buy at a local grocery store and it is only $18.99. The cheese is so thin, it will break down a little faster if you are too lazy to shred it.  Wine Bar  (This is not an attempt to be racist, I am not.)  (The wine bar is an attempt to be more subtle and to avoid the stereotypes of what makes us good wine drinkers.)  (A French beer bar, one that my friends are looking forward to.)  (A beer bar that my friends are looking forward to.)  (A German beer bar, one that my friends are looking forward to.)  (A French wine bar, one that my friends are looking forward to.)  (A French wine bar, one that my friends are looking forward to.)  (A French wine bar, one that my friends are looking forward to.)  (A French wine bar, one that my friends are looking forward to.)  (A French wine bar, one that my friends are looking forward to.)  (A French wine bar, one that my friends are looking forward to.)  (A French wine bar, one that my friends are looking forward",5.61,../data\images\SwissCheeseBlock_0.jpg
SwissCheeseBlock_1.jpg,SwissCheeseBlock,"Delicious Swiss Cheese Block for sale. It is a delicious, tender, and flavorful cheese substitute for Swiss cheese.  These cheeses are perfect for sandwiches and salads.  These are the perfect sandwich for a meal.  These are the perfect sandwich for a night out.  These are the perfect sandwich for a night out.  These are the perfect sandwich for a night out.  These are the perfect sandwich for a night out.  These are the perfect sandwich for a night out.  These are the perfect sandwich for a night out.  These are the perfect sandwich for a night out.  These are the perfect sandwich for a night out.  These are the perfect sandwich for a night out.  These are the perfect sandwich for a night out.  These are the perfect sandwich for a night out.  These are the perfect sandwich for a night out.  These are the perfect sandwich for a night out.  These are the perfect sandwich for a night out.  These are the perfect sandwich for a night out.  These are the perfect sandwich for a night out.  These are the perfect sandwich for a night out.  These are the perfect sandwich for a night out.  These are",7.22,../data\images\SwissCheeseBlock_1.jpg
SwissCheeseBlock_2.jpg,SwissCheeseBlock,"Delicious Swiss Cheese Block for sale. It is a bit more expensive than the rest of the cheeses, but it's a healthy alternative to the plain cheese that I use. It's also not as expensive as it sounds.  The box has the following ingredients:  3/4 cup finely grated Parmesan  2/3 cup finely grated Parmesan  1/2 cup finely grated Parmesan  1/2 cup finely grated Parmesan  1/2 cup finely grated Parmesan  1/4 cup finely grated Parmesan  1/2 cup finely grated Parmesan  1/4 cup finely grated Parmesan  1/8 teaspoon butter  3/4 teaspoon sea salt  1/4 teaspoon kosher salt  2 cups all-purpose flour  1/2 cup plus 2/3 cup sugar  1/4 cup plus 3/4 cup water  1/2 teaspoon vanilla extract  1/2 teaspoon cinnamon  1/4 teaspoon ground cloves  1/4 teaspoon ground ginger  1/2 cup plus 1/3 cup sugar  1/8 teaspoon cinnamon  1/4 teaspoon ground cloves  1/2 cup plus 2/3",5.87,../data\images\SwissCheeseBlock_2.jpg
StrawberryYogurt_0.jpg,StrawberryYogurt,Delicious Strawberry Yogurt for sale. It is a great combination of chocolate and a little bit of honey. It is a super easy snack to prepare and comes with a nice minty flavor. The price is $2.99.  This Strawberry Yogurt is the perfect snack to give to a family member or other family member. It is so simple to make and it is delicious! I would recommend it to friends if you have a family member. There are so many varieties of this Strawberry Yogurt that you can make it yourself.,10.12,../data\images\StrawberryYogurt_0.jpg
StrawberryYogurt_1.jpg,StrawberryYogurt,"Delicious Strawberry Yogurt for sale. It is really good for those who are looking for a sweet and sour treat. The chocolate is sweet with a little sweetness but not overwhelming. The strawberry flavor is more sweet and creamy than I expected and more of a sweet, sugary treat. The strawberry yogurt is a very sweet, sweet treat. With no cream or sweeteners, it is a tasty treat.  This is a really good treat for anyone who wants to enjoy some of the more traditional treats you may have previously received. I have used this for years and I really love it. It is a little bit of a bit of a treat but for those who like to try it, this one goes for $25.00 and is the perfect gift.  This is the perfect Valentine's Day gift for anyone looking for a special treat. This is also a great Valentine's Day gift for those who love their gifts and want to give a special treat.  This is a great gift for those of you who are looking for an exciting treat. I have used this for years and I really love it. It is a little bit of a bit of a treat but for those who like to try it, this one goes for $25.00 and is the perfect gift.  This is a great gift",9.87,../data\images\StrawberryYogurt_1.jpg
StrawberryYogurt_2.jpg,StrawberryYogurt,"Delicious Strawberry Yogurt for sale. It is a delicious, refreshing, and flavorful chocolate chip cookie. It is a very delicious cookie, and I love it. It tastes like strawberry cream cheese.   I will have to try it out. It is very nice and sweet. I think my wife likes it. It is very sweet and very good, and it really does taste better.   Very good. I've been trying this for a long time. I like it. It's very good, the sugar and chocolate are just right. I love the little extra sweetness. But it is not as bad as I anticipated.   I was a little overwhelmed with this. I was actually hoping to eat it but I've never tried this, and I'm not going to. It's not good, I thought. It was so salty, and it was just too cold to eat. I ate to my stomach and then I ate to my mouth. I went to the fridge and I found this. I love it. Great.   I've been making Strawberry Yogurt for a long time, and I'm always happy to order it. It's very good, the taste is good. I didn't expect this to be a popular product, but it is. The strawberry cream cheese is a great addition",7.65,../data\images\StrawberryYogurt_2.jpg
SodaCan_0.jpg,SodaCan,Delicious Soda Can for sale. It is a very good and refreshing soda can. The ingredients are very important. A cup of Soda Can is about 20 to 30 ounces. It tastes like soda but it has very few flavor. The flavor is very strong. This is just a small soda can. It tastes exactly like soda and is very thick. The flavor is very strong and it is well done. The quality of the Soda Can is outstanding. The only thing that I do not like about this is the smell and smell of the Soda Can. The Soda Can is very dense and very thick. The smell is very strong and it is very strong. The taste is very strong and it is very strong. I am very pleased with this soda can. I have been wanting to try it for a long time. I have been wanting to try more soda can soda but this one is more of a good one. I had heard about this soda is getting very popular. I want to try it. I have been waiting for a few days and this is the best soda can soda can ever. I will be ordering more Soda Can's. I will be ordering more soda cans and this new one will be the best in the world. I will be ordering more soda cans and this new one will be the best in the world,6.75,../data\images\SodaCan_0.jpg
SodaCan_1.jpg,SodaCan,"Delicious Soda Can for sale. It is made in the USA but is also available in many other countries.  If you need more, please call 1-855-722-2974 or email me at dave@columbias.com.  If you've got a question or question about a drink, feel free to ask me.  I am a non-profit and do not accept any sales tax.  I'm a big fan of Columbias and I love all its products.  If you are looking for an inexpensive, fun, and easy to use soda can, then Columbias is a must buy.  Columbias is a brand new product that you can not find elsewhere in the market.  This means that you can get Columbias at no cost to you in the United States.  The only problem with Columbias is that it is made in the USA.  If you are purchasing Columbias in the USA, then you might want to read the article on Columbias.com.  If you are not in the USA, then Columbias is probably your best option.  It is not the cheapest soda can out there.  But it is the most addictive.  ",8.05,../data\images\SodaCan_1.jpg
SodaCan_2.jpg,SodaCan,"Delicious Soda Can for sale. It is a great choice for a variety of purposes, including as an ingredient in foods or beverages. It is also a great source of vitamin C and is well known for its beneficial effects on the immune system.  Soda Can  Soda can is a small container that is filled with soda water and is filled with a soda water container. It is the source of the popular ""Soda Can"" and it is a great way to add to your diet.  Soda Can can can also be used as a water container which can help prevent water retention.  Soda Can can can can can can can can can Can Can can can can can can can can can can can Can Can Can Can Can Can Can Can Can Can Can Can Can Can Can Can Can Can Can Can Can Can Can Can Can Can Can Can Can Can Can Can Can Can Can Can Can Can Can Can Can Can Can Can Can Can Can Can Can Can Can Can Can Can Can Can Can Can Can Can Can Can Can Can Can Can Can Can Can Can Can Can Can Can Can Can Can Can Can Can Can Can Can Can Can Can Can Can Can Can Can Can Can Can Can Can Can Can Can Can Can Can Can Can Can Can Can Can Can Can Can Can Can Can Can Can Can",10.54,../data\images\SodaCan_2.jpg
WaterBottle_0.jpg,WaterBottle,Delicious Water Bottle for sale. It is an excellent value for money!,6.58,../data\images\WaterBottle_0.jpg
WaterBottle_1.jpg,WaterBottle,"Delicious Water Bottle for sale. It is a fantastic bottle to get as a birthday present.  Mashable is a great way to get a bottle for free because they have so many awesome deals on your favorite brands. The perfect gift for a birthday party.  There are many other great discounts on your favorite brands and I would not recommend them to anyone who is not a fan of the brand.  The last part of the article about discounts is that if you have a budget and you don't mind getting a bottle for free, there is always the option of getting a $9 bottle. However, you will always be paying $19.99. This is a huge discount for a bottle.  Carrying a Bottle  Another great way to get a bottle for free is with a bag of fresh water. The best part with water bottles is they are so easy to carry.  The cheapest way to buy fresh water is with a jug. If you could carry you water in your pocket, it would be great. If you have a large purse, you could carry them.  If you are buying something cheaper, this is especially true because you will receive a discounted price. If you could carry you water in your pocket, the price would be much higher.  ",9.71,../data\images\WaterBottle_1.jpg
WaterBottle_2.jpg,WaterBottle,"Delicious Water Bottle for sale. It is also the perfect bottle for the family, as well as a gift for friends, family and guests.  Water Bottle for sale. It is also the perfect bottle for the family, as well as a gift for friends, family and guests.  Water Bottle for sale. It is also the perfect bottle for the family, as well as a gift for friends, family and guests.  Water Bottle for sale. It is also the perfect bottle for the family, as well as a gift for friends, family and guests.  Water Bottle for sale. It is also the perfect bottle for the family, as well as a gift for friends, family and guests.  Water Bottle for sale. It is also the perfect bottle for the family, as well as a gift for friends, family and guests.  Water Bottle for sale. It is also the perfect bottle for the family, as well as a gift for friends, family and guests.  Water Bottle for sale. It is also the perfect bottle for the family, as well as a gift for friends, family and guests.  Water Bottle for sale. It is also the perfect bottle for the family, as well as a gift for friends, family and guests.  Water Bottle",11.52,../data\images\WaterBottle_2.jpg
CoffeeCup_0.jpg,CoffeeCup,"Delicious Coffee Cup for sale. It is the largest coffee cup ever sold in the world. But what would you have me buy?  It's a long way from the original coffee cup. Since its launch in 2000, it's been sold in more than 300 countries, and is now the world's largest single-cup coffee cup. But if you want one, you'll need to order it at the same time - not every cafe has two.  It's a little like getting a hand-crafted, handmade coffee cup. It's made of a high quality, and the cups are made of wood, not plastic. All of this is done to make the cups so you can use them as a cup of tea. It is also a little more expensive than a regular cup.  The cups are made of 100% wood, and they are made using a very thin, plastic cap. They are all made in China, and there are a number of other countries around the world that offer similar products. It's a great way to get coffee from a place where people can actually buy it.  The most common style of coffee is called ""hot"" coffee, which has a very high coffee content. It's very dense and has a very soft, smooth texture.  You should order",10.12,../data\images\CoffeeCup_0.jpg
CoffeeCup_1.jpg,CoffeeCup,"Delicious Coffee Cup for sale. It is a great coffee cup. It is hard to find that cup. If you have any questions, please call us at 888-838-1135.  The Kona, NY Coffee House has been serving coffee for about 20 years. They are a coffee shop that opened in 1991, and started with a small shop. They are also a popular coffee shop in the Westchester County area. They have 4 or 5 different varieties of coffee. They are available on a regular basis for $20-$30.  They have two different varieties of coffee. (Photo: Kona Coffee House)  Kona Coffee House is a small coffee shop that specializes in the coffees of the month. They have 6 different coffees on the market. Their regular cup is $5.50. They have a great selection of coffee, and they have a large selection of flavors, all of which are available. They have a great selection of coffees in one of their locations.  Coffee is a very popular part of the family. They have a great selection of coffee that is available at any time of the day. They have many different flavors, coffee, and flavors. They have the best prices in the whole coffee area. Coffee is",4.07,../data\images\CoffeeCup_1.jpg
CoffeeCup_2.jpg,CoffeeCup,"Delicious Coffee Cup for sale. It is a simple coffee cup that is made from a mixture of milk, coffee grounds and water. You can also make the cup from your own milk or you can use your own bean paste or the milk of your choice. It is a versatile coffee cup and I have found it to be much more economical and less expensive than regular coffee cups.  It is a simple coffee cup that is made from a mixture of milk, coffee grounds and water. You can also make the cup from your own milk or you can use your own bean paste or the milk of your choice. It is a versatile coffee cup and I have found it to be much more economical and less expensive than regular coffee cups. It is a solid drink with a good flavor. It is very easy to use. I have used it on my own for years with very little effort. It is also very easy to use. I have also tried a variety of flavoring blends and have found it to be a great addition to my coffee.  It is a solid drink with a good flavor. It is very easy to use. I have used it on my own for years with very little effort. It is also very easy to use. I have also tried a variety of flavoring blends and have found it to",5.67,../data\images\CoffeeCup_2.jpg
PastaBox_0.jpg,PastaBox,"Delicious Pasta Box for sale. It is a beautiful, comforting soup that can be filled with any amount of food or soup.  ""We didn't have enough fresh ingredients or food to make it. But we were excited to make this soup that is so delicious. It is made with fresh, seasonal vegetables in a fresh, clean way,"" said David.  If you love homemade soup, you'll love this recipe.  Don't forget to follow the Healthy Kitchen Facebook page for more daily recipes and news.",10.59,../data\images\PastaBox_0.jpg
PastaBox_1.jpg,PastaBox,"Delicious Pasta Box for sale. It is packed in a very small box, but it can be used to make a variety of sandwiches, salads, soups, and other dishes. Please note that this box does not contain any baking powder or baking soda.  The box is made from scratch using ingredients that are as fresh as possible! You can use any ingredients that you would like, or you can use any ingredients that you would like, but please make sure that the ingredients you choose are always available.  The box is packed with extra ingredients you can use for your own sandwiches or salads, or for your own appetizers.  You can use any ingredients you would like, or you can use any ingredients that you would like, but please make sure that the ingredients you choose are always available. The box is well made, so there is no waste.  The box is well made, so there is no waste. The box is well made and has a convenient location, so you can order it all at once.  The box is well made, so there is no waste. The box is in excellent condition, so you can get a very good deal on it.  The box is in excellent condition, so you can get a very good deal on it. The box is",7.42,../data\images\PastaBox_1.jpg
PastaBox_2.jpg,PastaBox,"Delicious Pasta Box for sale. It is a mix of the classic, spicy, and sweet Italian Pasta with a spicy base. This pizza is also a great option for an appetizer or dinner.  We really enjoyed the pizza. The bread was amazing. The sauce was pretty good. I would definitely recommend this pizza to anyone looking to get a little extra dough.  We just wanted to say thank you for being such an awesome person to us. We are so glad you are a vegan. We love all meat and meat. I am sure you are too. I have made so many friends with this vegan pizza. We have always loved the fresh juices from the pizza and love the fresh ingredients. I think you will love this pizza.  Thank you so much for making this possible. We know you are a great person and you are very open to sharing your vegan experience. We can't wait to see what you come up with next! :)  Love your vegan pizza.  The Pasta Box is a great option for a couple of reasons. First, it is a very good pizza. It has great texture and a very strong flavor. Second, it comes with a few toppings. A great addition to any pizza.  I'm a huge fan of this pizza.",11.29,../data\images\PastaBox_2.jpg
TomatoKetchupBottle_0.jpg,TomatoKetchupBottle,"Delicious Tomato Ketchup Bottle for sale. It is a must-have for any new veggie lover. The bottle is perfect for a quick and easy to serve salad. It also has a fresh tomato sauce that will make your salad taste heavenly.  4. Ketchup and Tomato Ketchup Bottle, $18.99 / bottle  This was a great deal. The bottle is a very good size and the tomato sauce is very good. The price is perfect. The bottles are high quality.  5. Ketchup and Tomato Ketchup Bottle, $16.99 / bottle",1.98,../data\images\TomatoKetchupBottle_0.jpg
TomatoKetchupBottle_1.jpg,TomatoKetchupBottle,Delicious Tomato Ketchup Bottle for sale. It is also available in a wide variety of sizes.  $13.95  5-Pack of Bottle for $12.95  T-Shirt is $13.95  Ships in 7 Days  Purchases from Amazon.com are considered a low volume item and should not be relied upon for purchases made through the Etsy Shop.  We have no affiliation with Amazon,2.01,../data\images\TomatoKetchupBottle_1.jpg
TomatoKetchupBottle_2.jpg,TomatoKetchupBottle,"Delicious Tomato Ketchup Bottle for sale. It is available in red, blue, yellow and green.  Lime Cheddar Cheese Bottle  These two bottles contain a lime juice infused lemon juice and a homemade lemonade. They are super easy to make and the flavors are so nice and easy to make. They are perfect for a party or a big dinner.  Blueberry Tart  Blueberry Tart is a super easy recipe. The sweet and sour flavors are perfect for anything. I don't know if it is the lemon or the lime juice but they are so delicious.  Marinated Cheddar Cheese Bottle  I do not know if this is a lemon or lime juice but they are so good and simple. It is great to have fresh ingredients in the fridge.  Blackberry Tart  I want to say that I am a huge lover of a good homemade lemonade. This is a great way to have a great homemade lemonade. Everything is delicious in this recipe. I make this with fresh ingredients and it is a great way to enjoy fresh ingredients. I will definitely make this again as my favorite homemade lemonade.  Creamy Lime Cheddar Cheese Bottle  I do not know if this is a lemon or lime juice but they are so good and simple.",8.11,../data\images\TomatoKetchupBottle_2.jpg
JarofHoney_0.jpg,JarofHoney,"Delicious Jar of Honey for sale. It is not included with the item.  - For sale, you can change the color of the jar.  - For sale, you can change the color of the jar.  - For sale, you can change the color of the jar.  - For sale, you can change the color of the jar.  - For sale, you can change the color of the jar.  - For sale, you can change the color of the jar.  - For sale, you can change the color of the jar.  - For sale, you can change the color of the jar.  - For sale, you can change the color of the jar.  - For sale, you can change the color of the jar.  - For sale, you can change the color of the jar.  - For sale, you can change the color of the jar.  - For sale, you can change the color of the jar.  - For sale, you can change the color of the jar.  - For sale, you can change the color of the jar.  - For sale, you can change the color of the jar.  - For sale, you can change the",5.71,../data\images\JarofHoney_0.jpg
JarofHoney_1.jpg,JarofHoney,"Delicious Jar of Honey for sale. It is a very sweet, sweet honey filled jar.  * You can buy it through our online store.  How to Use  Preheat your oven to 350°F. Place one tablespoon of honey in a large saucepan over medium heat. Add the honey and add the salt and pepper to taste. Add the sauce and cook until the sauce is thick and the sauce is thick.  Add the cornstarch and sugar to the sauce and allow it to simmer for 5 minutes, or until the cornstarch is dissolved.  Add the remaining cornstarch, sugar, cornstarch, and more cornstarch. Cook just until the sugar is dissolved.  Add the remaining milk to the sauce and stir.  Remove from heat and let cool 1-2 minutes.  Note: You can also add sugar and honey to the sauce to make it more filling.  *You can also use honey as a garnish.  *If you're using a base, you can use honey or cornstarch instead of cornstarch.  Other Ingredients  1.5 cups honey (you can use any type of honey)  1/4 cup cornstarch  1 teaspoon vanilla extract ",9.91,../data\images\JarofHoney_1.jpg
JarofHoney_2.jpg,JarofHoney,"Delicious Jar of Honey for sale. It is a spicy, nutty, light brown sugar. It is a good choice for any sweetened dessert such as a croissant or with a sweetened sour cream. It is also a great addition to your favorite soup.  The following recipes are for easy and easy to make:  These cookies are a great dessert. They are made with white chocolate and it is a wonderful combination of sweet and savory sugar. The cookies are also packed with a creamy sauce.  These are the best cookies I've ever made and I can't wait to make them again. They are incredibly easy to make and you can add them to a croissant or with a sweetened sour cream.  Makes about 3 dozen cookies and will keep for up to 2 weeks.  Print Cookie Pie Ingredients 1 cup flour  1/4 cup sugar  1/2 cup ground cinnamon  1 teaspoon vanilla extract  1/2 cup white chocolate, melted  1/2 teaspoon baking soda  1 cup chopped strawberries  1 cup white sugar, melted  1/4 cup sugar, divided  1 teaspoon vanilla extract (optional) Instructions In a large bowl, add flour, sugar, cinnamon, vanilla extract, and 1",10.74,../data\images\JarofHoney_2.jpg
ChocolateBar_0.jpg,ChocolateBar,"Delicious Chocolate Bar for sale. It is a delicious, simple chocolate bar with a creamy, chocolate flavor and a lovely chocolate finish. It is made with 10g of cocoa powder, 12g of sugar, and 2g of vanilla extract, and you can get a very good and healthy chocolate bar in just under a week.  Cherry Bar, Chocolate Bar, and Chocolate Glazed Bar for Sale. This is a popular, easy-to-make chocolate bar. The chocolate glazed bar is made with 10g of cocoa powder, 12g of sugar, and 2g of vanilla extract. The Chocolate Glazed Bar is made with 10g of cocoa powder, 12g of sugar, and 2g of vanilla extract. The Chocolate Glazed Bar is made with 10g of cocoa powder, 12g of sugar, and 2g of vanilla extract.  Creme de L'Oreal Chocolate Bar for sale. This is a quick and easy chocolate bar, made of 10g of cocoa powder, 12g of sugar, and 2g of vanilla extract. The Chocolate Glazed Bar is made with 10g of cocoa powder, 12g of sugar, and 2g of vanilla extract.  Creme de L'Oreal Chocolate Bar for sale. This is a quick and easy chocolate bar",5.97,../data\images\ChocolateBar_0.jpg
ChocolateBar_1.jpg,ChocolateBar,"Delicious Chocolate Bar for sale. It is a low-calorie, sweetened, chocolate bar with a creamy, nutty flavor. It's high in protein and low in calories.  The only drawback is the taste of chocolate. This bar is packed with calories, but it is filling. If you're looking for a low-calorie chocolate bar, it's not a bad choice.  There are many ways to enjoy the sweet, delicious, and nutty flavors of this bar. The only drawback is the taste of chocolate. This bar is packed with calories, but it is filling. If you're looking for a low-calorie chocolate bar, it's not a bad choice.  The bar is good for any occasion. It's high in protein and low in calories.  The only downside is that the taste isn't so good. It's too salty, too strong, too sweet. If you're looking for a low-calorie chocolate bar, it's not a good choice.  The bar is very sweet, but it's too salty. It's too strong, too strong, too sweet. If you're looking for a low-calorie chocolate bar, it's not a good choice.  This bar is a good choice for people who want",12.22,../data\images\ChocolateBar_1.jpg
ChocolateBar_2.jpg,ChocolateBar,"Delicious Chocolate Bar for sale. It is a little hard to find at Walmart, but it is good for it. The chocolate is fresh, and the flavor is great. There is a slight sweetness to the chocolate, and there is a hint of coffee in there. The flavor is very good! I would definitely buy this again if it were available at its current price.  I love this place. Very tasty and tasty. I would definitely be back!  If you're looking for something good in an upscale deli, this place is for you. The food is great. It is small and small, and the food is pretty good. The service is just as good as it has been when I've been here. The drinks are ok, and the food is fine for me. I also like that there are only 6 table seating. I would not go back if it was $10.  I've been here for a while, and I've been here a lot. The food is great. (and the service is great) and the service is great. (and the food is fine) and the food is okay. There are a few things I want to mention here. 1. The coffee is a bit expensive. I don't really like the amount of coffee, but it is",8.2,../data\images\ChocolateBar_2.jpg
PotatoChipsBag_0.jpg,PotatoChipsBag,"Delicious Potato Chips Bag for sale. It is a perfect option for any kind of potato craving.  The first time I ordered my bag, I received it about 2 weeks ago and it was so delicious. It was so easy to prepare and it was so light and tasty. I'm so glad I received it so fast!  This bag is very small and it is nice and thin. It is very easy to pack and fit in your pocket.  This bag comes in a cute but sturdy box. It comes with a small bag that is a little large and a small bag that is smaller.  I am very happy with the quality of the bag. The bag has a very good feel to it.  I am very pleased with this bag. It is very light and the contents are very discreet. I am a very happy person!  These are extremely delicate. I like to place the bag inside my pocket and it is just perfect!  The bag is made of a very soft and soft material. The bag is very small and it is very easy to carry.  The bag is very long and light. It is made of a durable plastic. Very sturdy and light. I love wearing this bag all day!  The bag has a very thick and narrow side",1.83,../data\images\PotatoChipsBag_0.jpg
PotatoChipsBag_1.jpg,PotatoChipsBag,"Delicious Potato Chips Bag for sale. It is a large bag and you must fill it with potatoes, cheese, or cheese-infused chips. It is a good bag but you will need to buy a few extra food bags to keep your food safe.  If your food is undercooked, you can try a homemade soup to try out. The idea is to add a little salt to the soup to help it cook up faster.  We also have a soup cup with a fresh and pure cheese recipe that you can try out.  You can also have a soup with a whole corn recipe and try out some veggies.  There are many ways to have a healthy meal, but the one that is the most satisfying is making a soup.  In this video, we show you how to make a healthy soup without baking.  How To Make A Healthy Soup Without Bake  Start by making your own cheese.  For this recipe, I used a whole corn soup to make a whole corn soup.  Make sure you get all the ingredients in the bag.  You will need a lot of cheese and butter.  To make a whole corn soup, use a bag.  The bag has a lid that is closed to prevent the milk from dripping ontop",11.76,../data\images\PotatoChipsBag_1.jpg
PotatoChipsBag_2.jpg,PotatoChipsBag,Delicious Potato Chips Bag for sale. It is a perfect choice for a small family gathering. It has the perfect texture and flavor. It is also a perfect size for any party. We have been using it for over 2 years. The only downside is that it is so large we cannot fit it in a zipper bag. It is not perfect for people who want to have a snack in the back of their van. It is too big for the family and is not easy to handle. We have seen some people who are unhappy with the size of the bag and want to give it a try. It is so small that we would not consider it for the family.,3.03,../data\images\PotatoChipsBag_2.jpg
